{
  "numeric_cols": [
    "age",
    "campaign",
    "consumer_confidence_index",
    "euribor_3mo_rate",
    "previous_contacted",
    "was_previously_contacted",
    "positive_campaign_result",
    "cluster"
  ],
  "categorical_cols": [
    "job",
    "has_housing_loan",
    "has_personal_loan",
    "default_status",
    "marital_status",
    "education_level",
    "communication_type",
    "last_contact_month"
  ],
  "scaler_mean": [
    39.95911060863011,
    2.565856416054268,
    -40.52173858425978,
    3.6209927140255007,
    0.17307329941586583,
    0.03661830287042271,
    0.1368632623578921,
    1.5186232020601722
  ],
  "scaler_scale": [
    10.394575235906338,
    2.7625066009271846,
    4.628127264836516,
    1.7333563087531454,
    0.49528881050090146,
    0.18782279618116832,
    0.3437029382688587,
    0.7234932696202517
  ],
  "ohe_categories": [
    [
      "admin.",
      "blue-collar",
      "entrepreneur",
      "housemaid",
      "management",
      "retired",
      "self-employed",
      "services",
      "student",
      "technician",
      "unemployed"
    ],
    [
      "no",
      "yes"
    ],
    [
      "no",
      "yes"
    ],
    [
      "no",
      "unknown",
      "yes"
    ],
    [
      "divorced",
      "married",
      "single"
    ],
    [
      "basic.4y",
      "basic.6y",
      "basic.9y",
      "high.school",
      "illiterate",
      "professional.course",
      "university.degree"
    ],
    [
      "cellular",
      "telephone"
    ],
    [
      "apr",
      "aug",
      "dec",
      "jul",
      "jun",
      "mar",
      "may",
      "nov",
      "oct",
      "sep"
    ]
  ]
}